airline,airline ID, source airport, source airport id, destination airport, destination airport id, codeshare, stops, equipment
2B,410,AER,2965,KZN,2990,,0,CR2
2B,410,ASF,2966,KZN,2990,,0,CR2
2B,410,ASF,2966,MRV,2962,,0,CR2
2B,410,CEK,2968,KZN,2990,,0,CR2
2B,410,CEK,2968,OVB,4078,,0,CR2
2B,410,DME,4029,KZN,2990,,0,CR2
2B,410,DME,4029,NBC,6969,,0,CR2
2B,410,DME,4029,TGK,\N,,0,CR2
2B,410,DME,4029,UUA,6160,,0,CR2
2B,410,EGO,6156,KGD,2952,,0,CR2
2B,410,EGO,6156,KZN,2990,,0,CR2
2B,410,GYD,2922,NBC,6969,,0,CR2
2B,410,KGD,2952,EGO,6156,,0,CR2
2B,410,KZN,2990,AER,2965,,0,CR2
2B,410,KZN,2990,ASF,2966,,0,CR2
2B,410,KZN,2990,CEK,2968,,0,CR2
2B,410,KZN,2990,DME,4029,,0,CR2
2B,410,KZN,2990,EGO,6156,,0,CR2
2B,410,KZN,2990,LED,2948,,0,CR2
2B,410,KZN,2990,SVX,2975,,0,CR2
2B,410,LED,2948,KZN,2990,,0,CR2
2B,410,LED,2948,NBC,6969,,0,CR2
2B,410,LED,2948,UUA,6160,,0,CR2
2B,410,MRV,2962,ASF,2966,,0,CR2
2B,410,NBC,6969,DME,4029,,0,CR2
2B,410,NBC,6969,GYD,2922,,0,CR2
2B,410,NBC,6969,LED,2948,,0,CR2
2B,410,NBC,6969,SVX,2975,,0,CR2
2B,410,NJC,2972,SVX,2975,,0,CR2
2B,410,NJC,2972,UUA,6160,,0,CR2
2B,410,NUX,4364,SVX,2975,,0,CR2
2B,410,OVB,4078,CEK,2968,,0,CR2
2B,410,OVB,4078,SVX,2975,,0,CR2
2B,410,SVX,2975,KZN,2990,,0,CR2
2B,410,SVX,2975,NBC,6969,,0,CR2
2B,410,SVX,2975,NJC,2972,,0,CR2
2B,410,SVX,2975,NUX,4364,,0,CR2
2B,410,SVX,2975,OVB,4078,,0,CR2
2B,410,TGK,\N,DME,4029,,0,CR2
2B,410,UUA,6160,DME,4029,,0,CR2
2B,410,UUA,6160,LED,2948,,0,CR2
2B,410,UUA,6160,NJC,2972,,0,CR2
2G,1654,BTK,2936,IKT,2937,,0,A81
2G,1654,BTK,2936,OVB,4078,,0,A81
2G,1654,CEK,2968,OVB,4078,,0,A81
2G,1654,HTA,2935,IKT,2937,,0,AN4
2G,1654,IKT,2937,BTK,2936,,0,A81
2G,1654,IKT,2937,HTA,2935,,0,AN4
2G,1654,IKT,2937,KCK,\N,,0,AN4
2G,1654,IKT,2937,ODO,8944,,0,AN4
2G,1654,IKT,2937,OVB,4078,,0,A81
2G,1654,IKT,2937,UKX,6924,,0,AN4
2G,1654,IKT,2937,ULK,9026,,0,AN4
2G,1654,IKT,2937,YKS,2923,,0,A81
2G,1654,KCK,\N,IKT,2937,,0,AN4
2G,1654,MJZ,2925,OVB,4078,,0,A81
2G,1654,ODO,8944,IKT,2937,,0,AN4
2G,1654,OVB,4078,BTK,2936,,0,A81
2G,1654,OVB,4078,CEK,2968,,0,A81
2G,1654,OVB,4078,IKT,2937,,0,A81
2G,1654,UKX,6924,IKT,2937,,0,AN4
2G,1654,ULK,9026,IKT,2937,,0,AN4
2G,1654,YKS,2923,IKT,2937,,0,A81
2I,8359,AYP,2786,LIM,2789,,0,142
2I,8359,CUZ,2812,LIM,2789,,0,142 141
2I,8359,CUZ,2812,PEM,2808,,0,142
2I,8359,HUU,6067,LIM,2789,,0,141
2I,8359,IQT,2801,PCL,2781,,0,143
2I,8359,IQT,2801,TPP,2806,,0,142
2I,8359,LIM,2789,AYP,2786,,0,142
2I,8359,LIM,2789,CUZ,2812,,0,142 141
2I,8359,LIM,2789,HUU,6067,,0,141
2I,8359,LIM,2789,PCL,2781,,0,143 146
2I,8359,LIM,2789,TPP,2806,,0,142 146
2I,8359,PCL,2781,IQT,2801,,0,143
2I,8359,PCL,2781,LIM,2789,,0,143 146
2I,8359,PCL,2781,TPP,2806,,0,146
2I,8359,PEM,2808,CUZ,2812,,0,142
2I,8359,TPP,2806,IQT,2801,,0,142
2I,8359,TPP,2806,LIM,2789,,0,142 146
2I,8359,TPP,2806,PCL,2781,,0,146
2J,470,ABJ,253,BOY,247,,0,CRJ
2J,470,ABJ,253,OUA,246,,0,E70 CRJ M87
2J,470,ACC,248,OUA,246,,0,CRJ
2J,470,BKO,1044,ABJ,253,,0,M87
2J,470,BKO,1044,DKR,1084,,0,M87
2J,470,BKO,1044,OUA,246,,0,CRJ
2J,470,BOY,247,ABJ,253,,0,CRJ
2J,470,BOY,247,OUA,246,,0,CRJ
2J,470,COO,245,LFW,298,,0,M87
2J,470,COO,245,OUA,246,,0,M87
2J,470,DKR,1084,BKO,1044,,0,M87
2J,470,DKR,1084,OUA,246,,0,M87
2J,470,LFW,298,OUA,246,,0,M87 CRJ
2J,470,NIM,280,OUA,246,,0,CRJ
2J,470,OUA,246,ABJ,253,,0,E70 CRJ M87
2J,470,OUA,246,ACC,248,,0,CRJ
2J,470,OUA,246,BKO,1044,,0,M87 CRJ
2J,470,OUA,246,BOY,247,,0,CRJ
2J,470,OUA,246,COO,245,,0,M87
2J,470,OUA,246,DKR,1084,,0,M87
2J,470,OUA,246,LFW,298,,0,CRJ
2J,470,OUA,246,NIM,280,,0,CRJ
2K,1338,BOG,2709,GYE,2673,,0,319
2K,1338,BOG,2709,UIO,2688,,0,319 320
2K,1338,CLO,2715,GYE,2673,,0,319
2K,1338,GYE,2673,BOG,2709,,0,319
2K,1338,GYE,2673,CLO,2715,,0,319
2K,1338,GYE,2673,SCY,6045,,0,319 320
2K,1338,GYE,2673,UIO,2688,,0,320 319
2K,1338,OCC,2670,UIO,2688,,0,319
2K,1338,SCY,6045,GYE,2673,,0,319 320
2K,1338,UIO,2688,BOG,2709,,0,319 320
2K,1338,UIO,2688,GYE,2673,,0,319
2K,1338,UIO,2688,OCC,2670,,0,319
2L,2750,BDS,1506,ZRH,1678,,0,100
2L,2750,BOD,1264,ZRH,1678,,0,100
2L,2750,BRS,490,ZRH,1678,,0,100
2L,2750,GVA,1665,LPA,1054,,0,319
2L,2750,LCA,1197,ZRH,1678,,0,319
2L,2750,LPA,1054,ZRH,1678,,0,319
2L,2750,RMF,4197,ZRH,1678,,0,319
2L,2750,TFS,1056,GVA,1665,,0,319
2L,2750,ZRH,1678,BDS,1506,,0,100
2L,2750,ZRH,1678,BOD,1264,,0,100
2L,2750,ZRH,1678,BRS,490,,0,100
2L,2750,ZRH,1678,LCA,1197,,0,319
2L,2750,ZRH,1678,LPA,1054,,0,319
2L,2750,ZRH,1678,RMF,4197,,0,319
2N,3652,AJR,730,LYC,719,,0,ATP
2N,3652,ARN,737,GEV,715,,0,ATP
2N,3652,ARN,737,HAD,709,,0,SF3
2N,3652,ARN,737,JKG,688,,0,ATP SF3
2N,3652,ARN,737,KRF,718,,0,ATP
2N,3652,ARN,737,KSD,5595,,0,SF3
2N,3652,ARN,737,LYC,719,,0,ATP
2N,3652,ARN,737,MHQ,442,,0,SF3
2N,3652,ARN,737,OER,722,,0,ATR
2N,3652,ARN,737,POR,448,,0,SF3
2N,3652,ARN,737,TRF,664,,0,SF3
2N,3652,ARN,737,VBY,746,,0,SF3 ATP
2N,3652,ARN,737,VHM,729,,0,SF3
2N,3652,ARN,737,VXO,711,,0,SF3
2N,3652,GEV,715,ARN,737,,0,ATP
2N,3652,GEV,715,KRF,718,,0,ATP
2N,3652,HAD,709,ARN,737,,0,SF3 ATP
2N,3652,HAD,709,JKG,688,,0,ATP SF3
2N,3652,HAD,709,VXO,711,,0,SF3
2N,3652,HMV,5599,VHM,729,,0,SF3
2N,3652,JKG,688,ARN,737,,0,ATP SF3
2N,3652,JKG,688,HAD,709,,0,ATP SF3
2N,3652,KOK,435,POR,448,,0,SF3
2N,3652,KRF,718,ARN,737,,0,ATP
2N,3652,KRF,718,GEV,715,,0,ATP
2N,3652,KSD,5595,ARN,737,,0,SF3
2N,3652,LYC,719,AJR,730,,0,ATP
2N,3652,LYC,719,ARN,737,,0,ATP
2N,3652,MHQ,442,ARN,737,,0,SF3
2N,3652,MHQ,442,TKU,460,,0,SF3
2N,3652,OER,722,ARN,737,,0,ATR
2N,3652,OSL,644,VXO,711,,0,SF3
2N,3652,POR,448,ARN,737,,0,SF3
2N,3652,POR,448,KOK,435,,0,SF3
2N,3652,TKU,460,MHQ,442,,0,SF3
2N,3652,TRF,664,ARN,737,,0,SF3
2N,3652,VBY,746,ARN,737,,0,SF3 ATP
2N,3652,VHM,729,ARN,737,,0,SF3
2N,3652,VHM,729,HMV,5599,,0,SF3
2N,3652,VXO,711,ARN,737,,0,SF3
2N,3652,VXO,711,OSL,644,,0,SF3
2O,146,ADQ,3531,AOS,7167,,0,BNI
2O,146,ADQ,3531,KKB,7168,,0,BNI
2O,146,ADQ,3531,KLN,7162,,0,BNI
2O,146,ADQ,3531,KOZ,7164,,0,BNI
2O,146,ADQ,3531,OLH,7163,,0,BNI
2O,146,AOS,7167,KZB,7176,,0,BNI
2O,146,KKB,7168,SYB,7173,,0,BNI
2O,146,KLN,7162,KYK,7161,,0,BNI
2O,146,KOZ,7164,ORI,7165,,0,BNI
2O,146,SYB,7173,KPR,7172,,0,BNI
2P,897,BSO,6019,MNL,2397,,0,DH4
2P,897,BXU,4200,MNL,2397,,0,320
2P,897,CBO,2399,MNL,2397,,0,320
2P,897,CGY,2400,MNL,2397,,0,320
2P,897,CRM,6024,MNL,2397,,0,DH4
2P,897,DGT,2425,MNL,2397,,0,320
2P,897,DWC,8076,MNL,2397,,0,330
2P,897,GES,2402,MNL,2397,Y,0,320
2P,897,KLO,2430,MNL,2397,,0,320
2P,897,LGP,4203,MNL,2397,,0,320
2P,897,MNL,2397,BSO,6019,,0,DH4
2P,897,MNL,2397,BXU,4200,,0,320
2P,897,MNL,2397,CBO,2399,,0,320
2P,897,MNL,2397,CGY,2400,,0,320
2P,897,MNL,2397,CRM,6024,,0,DH4
2P,897,MNL,2397,DGT,2425,,0,320
2P,897,MNL,2397,DWC,8076,,0,330
2P,897,MNL,2397,GES,2402,Y,0,320
2P,897,MNL,2397,KLO,2430,,0,320
2P,897,MNL,2397,LGP,4203,,0,320
2P,897,MNL,2397,MPH,2426,,0,DH3
2P,897,MNL,2397,OZC,4204,,0,320
2P,897,MNL,2397,PPS,2433,,0,320
2P,897,MNL,2397,RXS,6026,,0,320
2P,897,MNL,2397,SUG,6016,,0,DH4
2P,897,MNL,2397,TUG,6021,,0,DH4
2P,897,MNL,2397,ZAM,2404,,0,320
2P,897,MPH,2426,MNL,2397,,0,DH3
2P,897,OZC,4204,MNL,2397,,0,320
2P,897,PPS,2433,MNL,2397,,0,320
2P,897,RXS,6026,MNL,2397,,0,320
2P,897,SUG,6016,MNL,2397,,0,DH4
2P,897,TUG,6021,MNL,2397,,0,DH4
2P,897,ZAM,2404,MNL,2397,,0,320
2Z,1729,AUX,7376,PMW,4214,,0,AT7
2Z,1729,BRA,7373,BSB,2531,,0,AT7
2Z,1729,BRA,7373,SSA,2621,,0,AT7
2Z,1729,BSB,2531,BRA,7373,,0,AT7
2Z,1729,BSB,2531,OPS,7367,,0,AT7
2Z,1729,BSB,2531,RAO,2613,,0,AT7
2Z,1729,CAC,2535,GRU,2564,,0,AT7
2Z,1729,CGB,2548,GYN,2562,,0,AT7
2Z,1729,CGB,2548,OPS,7367,,0,AT7
2Z,1729,CGR,2538,DOU,7380,,0,AT7
2Z,1729,DOU,7380,CGR,2538,,0,AT7
2Z,1729,DOU,7380,GRU,2564,,0,AT7
2Z,1729,GIG,2560,RAO,2613,,0,AT7
2Z,1729,GRU,2564,CAC,2535,,0,AT7
2Z,1729,GRU,2564,DOU,7380,,0,AT7
2Z,1729,GRU,2564,RAO,2613,,0,AT7
2Z,1729,GRU,2564,UBA,2635,,0,AT7
2Z,1729,GRU,2564,UDI,2633,,0,AT7
2Z,1729,GRU,2564,VDC,6039,,0,AT7
2Z,1729,GYN,2562,CGB,2548,,0,AT7
2Z,1729,GYN,2562,PMW,4214,,0,AT7
2Z,1729,GYN,2562,RAO,2613,,0,AT7
2Z,1729,GYN,2562,UDI,2633,,0,AT7
2Z,1729,OPS,7367,BSB,2531,,0,AT7
2Z,1729,OPS,7367,CGB,2548,,0,AT7
2Z,1729,PLU,2528,RAO,2613,,0,AT7
2Z,1729,PMW,4214,AUX,7376,,0,AT7
2Z,1729,PMW,4214,GYN,2562,,0,AT7
2Z,1729,RAO,2613,BSB,2531,,0,AT7
2Z,1729,RAO,2613,GIG,2560,,0,AT7
2Z,1729,RAO,2613,GRU,2564,,0,AT7
2Z,1729,RAO,2613,GYN,2562,,0,AT7
2Z,1729,RAO,2613,PLU,2528,,0,AT7
2Z,1729,RAO,2613,SJP,2619,,0,AT7
2Z,1729,RAO,2613,UDI,2633,,0,AT7
2Z,1729,SJP,2619,RAO,2613,,0,AT7
2Z,1729,SSA,2621,BRA,7373,,0,AT7
2Z,1729,SSA,2621,VDC,6039,,0,AT7
2Z,1729,UBA,2635,GRU,2564,,0,AT7
2Z,1729,UBA,2635,UDI,2633,,0,AT7
2Z,1729,UDI,2633,GRU,2564,,0,AT7
2Z,1729,UDI,2633,GYN,2562,,0,AT7
2Z,1729,UDI,2633,RAO,2613,,0,AT7
2Z,1729,UDI,2633,UBA,2635,,0,AT7
2Z,1729,VDC,6039,GRU,2564,,0,AT7
2Z,1729,VDC,6039,SSA,2621,,0,AT7
3E,10739,BRL,5726,ORD,3830,,0,CNC
3E,10739,BRL,5726,STL,3678,,0,CNC
3E,10739,DEC,4042,ORD,3830,,0,CNC
3E,10739,DEC,4042,STL,3678,,0,CNC
3E,10739,JBR,3591,STL,3678,,0,CNC
3E,10739,ORD,3830,BRL,5726,,0,CNC
3E,10739,ORD,3830,DEC,4042,,0,CNC
3E,10739,STL,3678,BRL,5726,,0,CNC
3E,10739,STL,3678,DEC,4042,,0,CNC
3E,10739,STL,3678,JBR,3591,,0,CNC
3F,16262,CGA,7144,HYL,7145,,0,DHP
3F,16262,CGA,7144,KTN,3808,,0,DHP
3F,16262,HYL,7145,CGA,7144,,0,DHP
3F,16262,HYL,7145,KTB,7147,,0,DHP
3F,16262,HYL,7145,KTN,3808,,0,DHP
3F,16262,KTB,7147,HYL,7145,,0,DHP
3F,16262,KTB,7147,KTN,3808,,0,DHP
3F,16262,KTN,3808,CGA,7144,,0,DHP
3F,16262,KTN,3808,HYL,7145,,0,DHP
3F,16262,KTN,3808,KTB,7147,,0,DHP
3F,16262,KTN,3808,MTM,7146,,0,DHP
3F,16262,MTM,7146,KTN,3808,,0,DHP
3G,595,ACC,248,DKR,1084,,0,319
3G,595,ACC,248,LOS,273,,0,319
3G,595,ACC,248,ROB,1063,,0,319
3G,595,BCN,1218,BJL,1050,,0,319
3G,595,BJL,1050,BCN,1218,,0,319
3G,595,BJL,1050,DKR,1084,,0,319
3G,595,BJL,1050,FNA,1059,,0,319
3G,595,CKY,4162,OXB,5665,,0,319
3G,595,DKR,1084,ACC,248,,0,319
3G,595,DKR,1084,BJL,1050,,0,319
3G,595,DKR,1084,DLA,897,,0,319
3G,595,DKR,1084,FNA,1059,,0,319
3G,595,DKR,1084,LOS,273,,0,319
3G,595,DKR,1084,OXB,5665,,0,319
3G,595,DLA,897,DKR,1084,,0,319
3G,595,DLA,897,LOS,273,,0,319
3G,595,FNA,1059,BJL,1050,,0,319
4N,341,YEG,49,YXY,176,,0,737
4N,341,YLW,87,YVR,156,,0,737
4N,341,YLW,87,YXY,176,,0,737
4N,341,YOW,100,YZF,196,,0,737
4N,341,YVR,156,YLW,87,,0,737
4N,341,YVR,156,YXY,176,,0,737
4N,341,YXY,176,YLW,87,,0,737
4N,341,YXY,176,YVR,156,,0,737
4N,341,YXY,176,YYC,178,,0,737
4N,341,YXY,176,YZF,196,,0,737
4N,341,YYC,178,YEG,49,,0,737
4N,341,YZF,196,YOW,100,,0,737
4N,341,YZF,196,YXY,176,,0,737
9W,3000,BRU,302,YYZ,193,,0,332 333
9W,3000,YYZ,193,BRU,302,,0,332 333
AA,24,CLT,3876,YYZ,193,Y,0,E75 CRJ
AA,24,LHR,507,ABZ,532,Y,0,319 321 320
AA,24,LHR,507,ACC,248,Y,0,744
AA,24,LHR,507,AGP,1230,Y,0,320
AA,24,LHR,507,AMS,580,Y,0,320 319 321
AA,24,LHR,507,ARN,737,Y,0,321 319 767 320
AA,24,LHR,507,ATH,3941,Y,0,767 320
AA,24,LHR,507,ATL,3682,Y,0,777
AA,24,LHR,507,AUH,2179,Y,0,777
AA,24,LHR,507,AUS,3673,,0,787
AA,24,LHR,507,BAH,2057,Y,0,777
AA,24,LHR,507,BCN,1218,Y,0,319 320 321 767
AA,24,LHR,507,BGO,636,Y,0,319
AA,24,LHR,507,BHD,467,Y,0,319
AA,24,LHR,507,BLQ,1538,Y,0,320 319
AA,24,LHR,507,BLR,3131,Y,0,777
AA,24,LHR,507,BOM,2997,Y,0,777
AA,24,LHR,507,BOS,3448,Y,0,744 777
AA,24,LHR,507,BRU,302,Y,0,320 319 321
AA,24,LHR,507,BSL,1423,Y,0,319 321
AA,24,LHR,507,BUD,1489,Y,0,320
AA,24,LHR,507,BWI,3849,Y,0,767
AA,24,LHR,507,CDG,1382,Y,0,320 319 321
AA,24,LHR,507,CLT,3876,,0,333
AA,24,LHR,507,CPH,609,Y,0,321 320 319
AA,24,LHR,507,CPT,797,Y,0,744 777
AA,24,LHR,507,DEL,3093,Y,0,777
AA,24,LHR,507,DEN,3751,Y,0,777
AA,24,LHR,507,DFW,3670,,0,77W 777
AA,24,LHR,507,DUB,599,Y,0,319
AA,24,LHR,507,DUS,345,Y,0,319 320
AA,24,LHR,507,DXB,2188,Y,0,744 777
AA,24,LHR,507,EBB,1187,Y,0,767
AA,24,LHR,507,EDI,535,Y,0,767 321 320 319
AA,24,LHR,507,EWR,3494,Y,0,777 787
AA,24,LHR,507,FCO,1555,Y,0,321 320 319
AA,24,LHR,507,FRA,340,Y,0,319 320
AA,24,LHR,507,GIB,1738,Y,0,320
AA,24,LHR,507,GLA,534,Y,0,319 320 321 767
AA,24,LHR,507,GOT,687,Y,0,320 321 319
AA,24,LHR,507,GVA,1665,Y,0,319 320 321
AA,24,LHR,507,HAJ,352,Y,0,319
AA,24,LHR,507,HAM,342,Y,0,321 319 320
AA,24,LHR,507,HEL,421,Y,0,320
AA,24,LHR,507,HYD,\N,Y,0,767
AA,24,LHR,507,IAD,3714,Y,0,744 777
AA,24,LHR,507,IAH,3550,Y,0,744 777
AA,24,LHR,507,IST,1701,Y,0,767 320
AA,24,LHR,507,JFK,3797,,0,77W 777
AA,24,LHR,507,JNB,813,Y,0,380 744
AA,24,LHR,507,KUL,3304,,0,380
AA,24,LHR,507,KWI,2176,Y,0,744
AA,24,LHR,507,LAS,3877,Y,0,744
AA,24,LHR,507,LAX,3484,,0,77W
AA,24,LHR,507,LBA,517,Y,0,319
AA,24,LHR,507,LCA,1197,Y,0,767
AA,24,LHR,507,LIN,1529,Y,0,319 320 321
AA,24,LHR,507,LIS,1638,Y,0,320
AA,24,LHR,507,LUX,629,Y,0,319
AA,24,LHR,507,LYS,1335,Y,0,319
AA,24,LHR,507,MAA,3144,Y,0,777
AA,24,LHR,507,MAN,478,Y,0,319 320 321
AA,24,LHR,507,MIA,3576,,0,77W 777
AA,24,LHR,507,MRS,1353,Y,0,319 320
AA,24,LHR,507,MUC,346,Y,0,320 321 319
AA,24,LHR,507,MXP,1524,Y,0,319 320 321
AA,24,LHR,507,NBO,4059,Y,0,744
AA,24,LHR,507,NCE,1354,Y,0,320 321 319
AA,24,LHR,507,NCL,521,Y,0,321 320 319
AA,24,LHR,507,ORD,3830,,0,763 777
AA,24,LHR,507,OSL,644,Y,0,319 320 321
AA,24,LHR,507,OTP,1657,Y,0,320
AA,24,LHR,507,PHL,3752,,0,333
AA,24,LHR,507,PHX,3462,Y,0,744
AA,24,LHR,507,PRG,1587,Y,0,320
AA,24,LHR,507,PSA,1562,Y,0,320 321
AA,24,LHR,507,RDU,3626,,0,763
AA,24,LHR,507,RTM,591,Y,0,319
AA,24,LHR,507,SAN,3731,Y,0,777
AA,24,LHR,507,SEA,3577,,0,777
AA,24,LHR,507,SFO,3469,Y,0,744
AA,24,LHR,507,SOF,1194,Y,0,320
AA,24,LHR,507,STR,350,Y,0,319 321 320
AA,24,LHR,507,SVG,666,Y,0,319
AA,24,LHR,507,TLS,1273,Y,0,319 320
AA,24,LHR,507,TXL,351,Y,0,320 321 319
AA,24,LHR,507,VCE,1551,Y,0,320 319
AA,24,LHR,507,VIE,1613,Y,0,320 319
AA,24,LHR,507,WAW,679,Y,0,320
AA,24,LHR,507,YUL,146,Y,0,777
AA,24,LHR,507,YVR,156,Y,0,744
AA,24,LHR,507,YYC,178,Y,0,767
AA,24,LHR,507,YYZ,193,Y,0,787 744
AA,24,LHR,507,ZAG,1208,Y,0,319 320
AA,24,LHR,507,ZRH,1678,Y,0,320 319 321
AA,24,LIH,3602,LAX,3484,,0,757
AA,24,LIH,3602,OAK,3453,Y,0,737
AA,24,LIH,3602,PHX,3462,,0,757
AA,24,LIH,3602,SJC,3748,Y,0,737
AA,24,LIM,2789,DFW,3670,,0,763
AA,24,LIM,2789,JFK,3797,Y,0,763
AA,24,LIM,2789,LAX,3484,Y,0,763
AA,24,LIM,2789,MIA,3576,,0,757 763
AA,24,LIM,2789,SCL,2650,Y,0,763
AA,24,LIN,1529,LHR,507,Y,0,321 319 320
AA,24,LIR,1881,CLT,3876,,0,320
AA,24,LIR,1881,DFW,3670,,0,738
AA,24,LIR,1881,MIA,3576,,0,738
AA,24,LIR,1881,SJO,1885,,0,
AA,24,LIS,1638,LHR,507,Y,0,320
AA,24,LIS,1638,PHL,3752,,0,757
AA,24,LIT,3660,CLT,3876,Y,0,CR9 CRJ
AA,24,LIT,3660,DCA,3520,Y,0,E70
AA,24,LIT,3660,DFW,3670,,0,M80 M83
AA,24,LIT,3660,LGA,3697,Y,0,CR7
AA,24,LIT,3660,ORD,3830,Y,0,CR7 ER4
AA,24,LPA,1054,MAD,1229,Y,0,320
AA,24,LPB,2762,VVI,2771,,0,757
AA,24,LRD,3691,DFW,3670,Y,0,ERD CRJ ER4
AA,24,LRM,1759,MIA,3576,Y,0,ER4
AA,24,LSE,4044,ORD,3830,Y,0,ER4 ERD
AA,24,LUX,629,LHR,507,Y,0,319
AA,24,LYH,5753,CLT,3876,,0,DH8
AA,24,LYS,1335,LHR,507,Y,0,319
AA,24,MAA,3144,LHR,507,Y,0,777
AA,24,MAD,1229,BOS,3448,,0,330
AA,24,MAD,1229,DFW,3670,,0,777
AA,24,MAD,1229,JFK,3797,,0,757 330 340
AA,24,MAD,1229,LAX,3484,Y,0,340
AA,24,MAD,1229,MIA,3576,,0,763 330 340
AA,24,MAD,1229,ORD,3830,,0,330
AA,24,MAD,1229,PHL,3752,,0,333
AA,24,MAF,3652,DFW,3670,Y,0,CRJ ERD ER4
AA,24,MAN,478,HEL,421,Y,0,E70
AA,24,MAN,478,JFK,3797,,0,757
AA,24,MAN,478,LHR,507,Y,0,319 320 321
AA,24,MAN,478,ORD,3830,,0,763
AA,24,MAN,478,PHL,3752,,0,332
AA,24,MAO,2551,MIA,3576,,0,738 763
AA,24,MAR,2848,MIA,3576,,0,757
AA,24,MBJ,1780,CLT,3876,,0,319 321 320
AA,24,MBJ,1780,DFW,3670,,0,738
AA,24,MBJ,1780,MIA,3576,,0,738 757
AA,24,MBJ,1780,ORD,3830,,0,738
AA,24,MBJ,1780,PHL,3752,,0,320 319 321
AA,24,MCI,3458,CLT,3876,,0,319
AA,24,MCI,3458,DCA,3520,Y,0,E75 E70
AA,24,MCI,3458,DFW,3670,,0,M83 M80
AA,24,MCI,3458,ORD,3830,Y,0,E75 ER4 CR7 ERD
AA,24,MCI,3458,PHL,3752,Y,0,E75 E70 CRJ
AA,24,MCI,3458,PHX,3462,,0,319
AA,24,MCI,3458,SEA,3577,Y,0,737
AA,24,MCO,3878,CLT,3876,,0,321 757 767 319
AA,24,MCO,3878,DCA,3520,,0,319 320
AA,24,MCO,3878,DFW,3670,,0,738 M83 M80 757
AA,24,MCO,3878,GRU,2564,,0,320
AA,24,MCO,3878,JFK,3797,,0,763 757
AA,24,MCO,3878,LAX,3484,,0,757 738
AA,24,MCO,3878,LGW,502,Y,0,777
AA,24,MCO,3878,MIA,3576,,0,757 738
AA,24,MCO,3878,ORD,3830,,0,738 M83 M80
AA,24,MCO,3878,PHL,3752,,0,321 767 757 320 332
AA,24,MCO,3878,PHX,3462,,0,321 320
AA,24,MCO,3878,SAN,3731,Y,0,737
AA,24,MCO,3878,SEA,3577,Y,0,737
AA,24,MCO,3878,YYZ,193,,0,737
AA,24,MCT,2194,AUH,2179,Y,0,777
AA,24,MDE,2745,MIA,3576,,0,738
AA,24,MDT,3542,BOS,3448,,0,DH3
AA,24,MDT,3542,CLT,3876,,0,319 CR7 CRJ
AA,24,MDT,3542,ORD,3830,Y,0,CR7 ERD
AA,24,MDT,3542,PHL,3752,,0,DH3
AA,24,MEL,3339,ADL,3341,Y,0,737
AA,24,MEL,3339,BNE,3320,Y,0,737
AA,24,MEL,3339,CBR,3355,Y,0,737
AA,24,MEL,3339,LAX,3484,Y,0,380
AA,24,MEL,3339,PER,3351,Y,0,330 737
AA,24,MEL,3339,SYD,3361,Y,0,737 763
AA,24,MEM,3473,CLT,3876,,0,319 CR7
AA,24,MEM,3473,DCA,3520,Y,0,CRJ
AA,24,MEM,3473,DFW,3670,,0,319
AA,24,MEM,3473,MIA,3576,Y,0,ER4
AA,24,MEM,3473,ORD,3830,Y,0,CR7 ER4 ERD
AA,24,MEX,1824,CLT,3876,,0,319
AA,24,MEX,1824,DFW,3670,,0,M80 M83
AA,24,MEX,1824,LAX,3484,Y,0,737
AA,24,MEX,1824,MIA,3576,,0,738
AA,24,MEX,1824,ORD,3830,,0,738
AA,24,MEX,1824,PHX,3462,,0,319
AA,24,MFE,3826,DFW,3670,,0,M83 M80 319
AA,24,MFR,4101,LAX,3484,Y,0,DH4
AA,24,MGA,1863,MIA,3576,,0,738
AA,24,MGM,4115,CLT,3876,Y,0,CRJ
AA,24,MGM,4115,DFW,3670,Y,0,ERD ER4
AA,24,MHH,1930,MIA,3576,Y,0,ERD
AA,24,MHK,4050,DFW,3670,Y,0,ERD ER4
AA,24,MHK,4050,ORD,3830,Y,0,ERD ER4
AA,24,MHT,4011,CLT,3876,Y,0,CR9
AA,24,MHT,4011,DCA,3520,,0,CRJ
AA,24,MHT,4011,PHL,3752,Y,0,E70 E75 CRJ
AA,24,MIA,3576,ANU,2874,,0,738
AA,24,MIA,3576,ASU,2699,,0,757
AA,24,MIA,3576,ATL,3682,,0,738
AA,24,MIA,3576,AUA,2895,,0,738
AA,24,MIA,3576,BCN,1218,,0,763
AA,24,MIA,3576,BDA,4069,,0,738
AA,24,MIA,3576,BDL,3825,,0,738
AA,24,MIA,3576,BGI,2875,,0,757
AA,24,MIA,3576,BHM,3811,Y,0,ER4
AA,24,MIA,3576,BNA,3690,,0,738
AA,24,MIA,3576,BOG,2709,,0,763 757
AA,24,MIA,3576,BOS,3448,,0,757 738
AA,24,MIA,3576,BSB,2531,,0,763 757
AA,24,MIA,3576,BWI,3849,,0,738
AA,24,MIA,3576,BZE,1957,,0,738
AA,24,MIA,3576,CCS,2851,,0,757 763 738
AA,24,MIA,3576,CDG,1382,,0,763
AA,24,MIA,3576,CHS,3806,Y,0,ER4
AA,24,MIA,3576,CLE,3486,Y,0,ER4
AA,24,MIA,3576,CLO,2715,,0,738
AA,24,MIA,3576,CLT,3876,,0,319 321 320 737
AA,24,MIA,3576,CMH,3759,Y,0,ER4
AA,24,MIA,3576,CNF,2537,,0,763
AA,24,MIA,3576,CUN,1852,,0,738 757
AA,24,MIA,3576,CUR,2897,,0,738
AA,24,MIA,3576,CVG,3488,Y,0,ER4
AA,24,MIA,3576,CWB,2545,,0,763
AA,24,MIA,3576,CZM,1800,,0,738
AA,24,MIA,3576,DCA,3520,,0,738
AA,24,MIA,3576,DEN,3751,,0,738
AA,24,MIA,3576,DFW,3670,,0,738 757
AA,24,MIA,3576,DTW,3645,,0,738
AA,24,MIA,3576,DUS,345,Y,0,330
AA,24,MIA,3576,ELH,1943,Y,0,ER4
AA,24,MIA,3576,EWR,3494,,0,738 757
AA,24,MIA,3576,EYW,3875,Y,0,ERD
AA,24,MIA,3576,EZE,3988,,0,777
AA,24,MIA,3576,FDF,2878,,0,738
AA,24,MIA,3576,FPO,1948,Y,0,ER4 ERD
AA,24,MIA,3576,GCM,1926,,0,738
AA,24,MIA,3576,GGT,1941,Y,0,ER4
AA,24,MIA,3576,GIG,2560,,0,763
AA,24,MIA,3576,GND,2882,,0,738
AA,24,MIA,3576,GNV,3472,Y,0,ER4
AA,24,MIA,3576,GRU,2564,,0,773 777
AA,24,MIA,3576,GSO,4008,Y,0,ER4
AA,24,MIA,3576,GUA,1767,,0,738
AA,24,MIA,3576,GYE,2673,,0,738 763 757
AA,24,MIA,3576,IAD,3714,,0,738
AA,24,MIA,3576,IAH,3550,,0,738
AA,24,MIA,3576,IND,3585,Y,0,ER4
AA,24,MIA,3576,JAX,3712,Y,0,ER4 ERD
AA,24,MIA,3576,JFK,3797,,0,763 757 738
AA,24,MIA,3576,KIN,1779,,0,738
AA,24,MIA,3576,LAS,3877,,0,738 757
AA,24,MIA,3576,LAX,3484,,0,777 763 757 738
AA,24,MIA,3576,LGA,3697,,0,738
AA,24,MIA,3576,LHR,507,,0,77W 777
AA,24,MIA,3576,LIM,2789,,0,763 757
AA,24,MIA,3576,LIR,1881,,0,738
AA,24,MIA,3576,LPB,2762,,0,757
AA,24,MIA,3576,LRM,1759,Y,0,ER4
AA,24,MIA,3576,MAD,1229,,0,330 763 340
AA,24,MIA,3576,MAO,2551,,0,763 738
AA,24,MIA,3576,MAR,2848,,0,757
AA,24,MIA,3576,MBJ,1780,,0,738 757
AA,24,MIA,3576,MCO,3878,,0,757 738
AA,24,MIA,3576,MDE,2745,,0,738
AA,24,MIA,3576,MEM,3473,Y,0,ER4
AA,24,MIA,3576,MEX,1824,,0,738
AA,24,MIA,3576,MGA,1863,,0,738
AA,24,MIA,3576,MHH,1930,Y,0,ERD
AA,24,MIA,3576,MSP,3858,,0,738
AA,24,MIA,3576,MSY,3861,,0,738
AA,24,MIA,3576,MVD,2816,,0,763
AA,24,MIA,3576,MXP,1524,,0,763
AA,24,MIA,3576,NAS,1953,Y,0,ER4 ERD
AA,24,MIA,3576,ORD,3830,,0,738 763
AA,24,MIA,3576,ORF,3611,Y,0,ER4
AA,24,MIA,3576,PAP,1897,,0,738 763 757
AA,24,MIA,3576,PHL,3752,,0,320 738 321 757
AA,24,MIA,3576,PHX,3462,,0,738
AA,24,MIA,3576,PIT,3570,Y,0,ER4
AA,24,MIA,3576,PLS,1754,,0,757
AA,24,MIA,3576,PNS,3564,Y,0,ER4
AA,24,MIA,3576,POP,1761,,0,757
AA,24,MIA,3576,POS,2902,,0,757
AA,24,MIA,3576,PTP,2881,,0,738
AA,24,MIA,3576,PTY,1871,,0,738
AA,24,MIA,3576,PUJ,1760,,0,738 757
AA,24,MIA,3576,RDU,3626,,0,738
AA,24,MIA,3576,REC,2610,,0,757
AA,24,MIA,3576,RIC,3608,Y,0,ER4
AA,24,MIA,3576,RTB,1774,,0,738
AA,24,MIA,3576,SAL,1892,,0,738
AA,24,MIA,3576,SAN,3731,,0,738
AA,24,MIA,3576,SAP,1772,,0,738
AA,24,MIA,3576,SCL,2650,,0,763
AA,24,MIA,3576,SDF,4014,Y,0,ER4
AA,24,MIA,3576,SDQ,1762,,0,757 763
AA,24,MIA,3576,SEA,3577,,0,757
AA,24,MIA,3576,SFO,3469,,0,763 757 738
AA,24,MIA,3576,SJO,1885,,0,757 738
AA,24,MIA,3576,SJU,2890,,0,738 757
AA,24,MIA,3576,SKB,2891,,0,738
AA,24,MIA,3576,SSA,2621,,0,757
AA,24,MIA,3576,STI,1764,,0,757 738
AA,24,MIA,3576,STL,3678,,0,738
AA,24,MIA,3576,STT,2883,,0,757
AA,24,MIA,3576,STX,2884,,0,738
AA,24,MIA,3576,SXM,2899,,0,757 738
AA,24,MIA,3576,TGU,1776,,0,757
AA,24,MIA,3576,TLH,3698,Y,0,ER4 ERD
AA,24,MIA,3576,TPA,3646,,0,738
AA,24,MIA,3576,TUL,3855,,0,738
AA,24,MIA,3576,TXL,351,Y,0,330
AA,24,MIA,3576,UIO,2688,,0,757
AA,24,MIA,3576,UVF,2894,,0,757
AA,24,MIA,3576,YUL,146,,0,738
AA,24,MIA,3576,YYZ,193,,0,738
AA,24,MKE,3717,CLT,3876,Y,0,CRJ CR7 CR9
AA,24,MKE,3717,DFW,3670,,0,M80 M83
AA,24,MKE,3717,ORD,3830,Y,0,CRJ
AA,24,MKE,3717,PHL,3752,Y,0,CRJ
AA,24,MKE,3717,PHX,3462,,0,320 319
AA,24,MLB,3671,CLT,3876,,0,CRJ
AA,24,MLI,4072,DFW,3670,Y,0,ERD ER4
AA,24,MLI,4072,ORD,3830,Y,0,ER4 ERD
AA,24,MLM,1821,DFW,3670,Y,0,ER4
AA,24,MLU,3732,DFW,3670,Y,0,ER4 CRJ
AA,24,MMH,7081,LAX,3484,Y,0,DH4
AA,24,MOB,3782,CLT,3876,Y,0,CRJ
AA,24,MOB,3782,DFW,3670,Y,0,ER4 CRJ
AA,24,MQT,3675,ORD,3830,Y,0,ER4
AA,24,MRS,1353,LHR,507,Y,0,319
AA,24,MRY,3948,LAX,3484,Y,0,CRJ
AA,24,MRY,3948,PHX,3462,Y,0,CRJ
AA,24,MSN,3459,DFW,3670,Y,0,ER4 CRJ
AA,24,MSN,3459,ORD,3830,Y,0,ER4 ERD
AA,24,MSP,3858,CLT,3876,,0,319 320 321
AA,24,MSP,3858,DCA,3520,Y,0,E75 E70
AA,24,MSP,3858,DFW,3670,,0,M80 M83 738
AA,24,MSP,3858,MIA,3576,,0,738
AA,24,MSP,3858,ORD,3830,Y,0,E75 CR7
AA,24,MSP,3858,PHL,3752,,0,3.19E+92
AA,24,MSP,3858,PHX,3462,,0,320 321 319
AA,24,MSY,3861,AUS,3673,,0,
AA,24,MSY,3861,CLT,3876,Y,0,319 320 E75 CR9 E70
AA,24,MSY,3861,DCA,3520,Y,0,E75 E70 319
AA,24,MSY,3861,DFW,3670,,0,M80 M83
AA,24,MSY,3861,MIA,3576,,0,738
AA,24,MSY,3861,ORD,3830,Y,0,E75
AA,24,MSY,3861,PHL,3752,Y,0,319 E90 E75
AA,24,MTY,1825,DFW,3670,,0,M80 M83
AA,24,MUC,346,LHR,507,Y,0,321 320 319
AA,24,MUC,346,PHL,3752,,0,333
AA,24,MVD,2816,MIA,3576,,0,763
AA,24,MXP,1524,JFK,3797,,0,763
AA,24,MXP,1524,LHR,507,Y,0,319 320
AA,24,MXP,1524,MIA,3576,,0,763
AA,24,MYR,3515,CLT,3876,,0,DH8 CR7 CR9
AA,24,MYR,3515,DCA,3520,Y,0,CRJ
AA,24,MYR,3515,PHL,3752,Y,0,CRJ E75
AA,24,MZT,1826,DFW,3670,Y,0,ERD ER4
AA,24,MZT,1826,PHX,3462,,0,320 319
AA,24,NAN,1960,LAX,3484,Y,0,330
AA,24,NAS,1953,CLT,3876,,0,319 737
AA,24,NAS,1953,DCA,3520,,0,319
AA,24,NAS,1953,DFW,3670,,0,738
AA,24,NAS,1953,MIA,3576,Y,0,ER4 ERD
AA,24,NAS,1953,PHL,3752,,0,319 320
AA,24,NBO,4059,LHR,507,Y,0,744
AA,24,NCE,1354,LHR,507,Y,0,319 320 321
AA,24,NCL,521,LHR,507,Y,0,319 321 320
AA,24,NGO,3942,HNL,3728,,0,777
AA,24,NGO,3942,NRT,2279,,0,787
AA,24,NRT,2279,BKK,3885,,0,763
AA,24,NRT,2279,BOS,3448,,0,787
AA,24,NRT,2279,CTS,2287,,0,773
AA,24,NRT,2279,DFW,3670,,0,777
AA,24,NRT,2279,FUK,2305,,0,737
AA,24,NRT,2279,HAN,3199,,0,763
AA,24,NRT,2279,HKG,3077,,0,763
AA,24,NRT,2279,HNL,3728,,0,787 777
AA,24,NRT,2279,ICN,3930,,0,737
AA,24,NRT,2279,ITM,2334,,0,737 773
AA,24,NRT,2279,JFK,3797,,0,773 787
AA,24,NRT,2279,KHH,2264,,0,763
AA,24,NRT,2279,KUL,3304,,0,763
AA,24,NRT,2279,LAX,3484,,0,777 773
AA,24,NRT,2279,NGO,3942,,0,787
AA,24,NRT,2279,ORD,3830,,0,773 777
AA,24,NRT,2279,PUS,2372,,0,737
AA,24,NRT,2279,SAN,3731,,0,787
AA,24,NRT,2279,SGN,3205,,0,763
AA,24,NRT,2279,SIN,3316,,0,763
AA,24,NRT,2279,TPE,2276,,0,737
AA,24,NRT,2279,YVR,156,,0,787
AA,24,OAJ,4386,CLT,3876,,0,DH8 CR7
AA,24,OAJ,4386,DCA,3520,Y,0,CRJ
AA,24,OAK,3453,HNL,3728,Y,0,737
AA,24,OAK,3453,KOA,3514,Y,0,737
AA,24,OAK,3453,LIH,3602,Y,0,737
AA,24,OAK,3453,OGG,3456,Y,0,737
AA,24,OAK,3453,PDX,3720,Y,0,DH4
AA,24,OAK,3453,PHX,3462,,0,319 CR9
AA,24,OAK,3453,SEA,3577,Y,0,737
AA,24,OGG,3456,DFW,3670,,0,763
AA,24,OGG,3456,LAX,3484,,0,757
AA,24,OGG,3456,OAK,3453,Y,0,737
AA,24,OGG,3456,PHX,3462,,0,757
AA,24,OGG,3456,SJC,3748,Y,0,737
AA,24,OGG,3456,SMF,3817,Y,0,737
AA,24,OKC,3863,DFW,3670,,0,M80 M83
AA,24,OKC,3863,LAX,3484,Y,0,CR7
AA,24,OKC,3863,ORD,3830,Y,0,CR7 ER4
AA,24,OMA,3454,CLT,3876,Y,0,CR9
AA,24,OMA,3454,DCA,3520,Y,0,E70
AA,24,OMA,3454,DFW,3670,,0,M80 M83
AA,24,OMA,3454,ORD,3830,Y,0,E75 ER4 CR7
AA,24,OMA,3454,PHX,3462,,0,319
AA,24,ONT,3734,DFW,3670,,0,M80 M83
AA,24,ONT,3734,PDX,3720,Y,0,CR7
AA,24,ONT,3734,PHX,3462,,0,320 319
AA,24,ONT,3734,SEA,3577,Y,0,737
AA,24,ORD,3830,ABQ,4019,Y,0,E75
AA,24,ORD,3830,ALO,5718,Y,0,ERD
AA,24,ORD,3830,AMM,2170,Y,0,340
AA,24,ORD,3830,ART,3838,Y,0,ERD
AA,24,ORD,3830,ATL,3682,Y,0,E75 CR7
AA,24,ORD,3830,AUH,2179,Y,0,777
AA,24,ORD,3830,AUS,3673,,0,M80 M83
AA,24,ORD,3830,AZO,4039,Y,0,ER4 ERD
AA,24,ORD,3830,BDL,3825,Y,0,ER4 E75
AA,24,ORD,3830,BMI,4037,Y,0,ER4 ERD
AA,24,ORD,3830,BNA,3690,Y,0,ER4 ERD CR7 E75
AA,24,ORD,3830,BOS,3448,,0,738
AA,24,ORD,3830,BUF,3820,Y,0,ER4 CR7 E75
AA,24,ORD,3830,BWI,3849,Y,0,E75 ER4 CR7
AA,24,ORD,3830,CDG,1382,,0,763
AA,24,ORD,3830,CHA,3578,Y,0,ER4 ERD
AA,24,ORD,3830,CHO,4015,Y,0,CRJ
AA,24,ORD,3830,CID,4043,Y,0,ER4
AA,24,ORD,3830,CLE,3486,Y,0,ER4 CR7 ERD
AA,24,ORD,3830,CLT,3876,,0,321 320 E90 319
AA,24,ORD,3830,CMH,3759,Y,0,ER4 CR7 ERD
AA,24,ORD,3830,CMI,4049,Y,0,ER4 ERD
AA,24,ORD,3830,COU,3719,Y,0,ER4 ERD
AA,24,ORD,3830,CUN,1852,,0,738
AA,24,ORD,3830,CVG,3488,Y,0,ER4
AA,24,ORD,3830,CWA,4045,Y,0,ERD ER4
AA,24,ORD,3830,DAY,3627,Y,0,ER4
AA,24,ORD,3830,DBQ,4388,Y,0,ERD ER4
AA,24,ORD,3830,DCA,3520,,0,738 M83 M80
AA,24,ORD,3830,DEN,3751,,0,M80 M83
AA,24,ORD,3830,DFW,3670,,0,M80 M83 738
AA,24,ORD,3830,DOH,11051,,0,777
AA,24,ORD,3830,DSM,3729,Y,0,ERD ER4 E75
AA,24,ORD,3830,DTW,3645,Y,0,ERD E75 ER4 CR7
AA,24,ORD,3830,DUB,599,,0,763
AA,24,ORD,3830,DUS,345,,0,763
AA,24,ORD,3830,ELP,3559,Y,0,E75
AA,24,ORD,3830,EVV,4018,Y,0,ER4 ERD
AA,24,ORD,3830,EWR,3494,Y,0,CR7 E75
AA,24,ORD,3830,FAR,4292,Y,0,ER4
AA,24,ORD,3830,FCO,1555,,0,763
AA,24,ORD,3830,FLL,3533,,0,738
AA,24,ORD,3830,FNT,4089,Y,0,ER4 ERD
AA,24,ORD,3830,FSD,4009,Y,0,ER4 ERD
AA,24,ORD,3830,FWA,4041,Y,0,ERD ER4
AA,24,ORD,3830,GRB,3653,Y,0,ER4
AA,24,ORD,3830,GRR,3685,Y,0,ER4 ERD
AA,24,ORD,3830,HKG,3077,Y,0,773
AA,24,ORD,3830,HPN,3589,Y,0,ERD
AA,24,ORD,3830,HSV,4113,Y,0,ER4
AA,24,ORD,3830,IAH,3550,Y,0,CR7
AA,24,ORD,3830,ICT,3457,Y,0,CRJ
AA,24,ORD,3830,IND,3585,Y,0,ER4 ERD E75 CR7
AA,24,ORD,3830,JAX,3712,Y,0,ER4 CR7
AA,24,ORD,3830,JFK,3797,,0,738
AA,24,ORD,3830,LAS,3877,,0,M83 738
AA,24,ORD,3830,LAX,3484,,0,738
AA,24,ORD,3830,LEX,4017,Y,0,ERD ER4
AA,24,ORD,3830,LGA,3697,,0,738
AA,24,ORD,3830,LHR,507,,0,763 777
AA,24,ORD,3830,LIT,3660,Y,0,ER4 CR7
AA,24,ORD,3830,LSE,4044,Y,0,ER4 ERD
AA,24,ORD,3830,MAD,1229,,0,330
AA,24,ORD,3830,MAN,478,,0,763
AA,24,ORD,3830,MBJ,1780,,0,738
AA,24,ORD,3830,MCI,3458,Y,0,ER4 CR7 E75 ERD
AA,24,ORD,3830,MCO,3878,,0,738 M83 M80
AA,24,ORD,3830,MDT,3542,Y,0,ERD CR7
AA,24,ORD,3830,MEM,3473,Y,0,CR7 ER4 ERD
AA,24,ORD,3830,MEX,1824,,0,738
AA,24,ORD,3830,MHK,4050,Y,0,ERD ER4
AA,24,ORD,3830,MIA,3576,,0,738 763
AA,24,ORD,3830,MKE,3717,Y,0,CRJ
AA,24,ORD,3830,MLI,4072,Y,0,ERD ER4
AA,24,ORD,3830,MQT,3675,Y,0,ER4
AA,24,ORD,3830,MSN,3459,Y,0,ER4 ERD
AA,24,ORD,3830,MSP,3858,Y,0,E75 CR7
AA,24,ORD,3830,MSY,3861,Y,0,E75
AA,24,ORD,3830,NRT,2279,,0,773 777
AA,24,ORD,3830,OKC,3863,Y,0,ER4 CR7
AA,24,ORD,3830,OMA,3454,Y,0,E75 ER4 CR7
AA,24,ORD,3830,PBI,3722,,0,M83 738 M80
AA,24,ORD,3830,PDX,3720,,0,738
AA,24,ORD,3830,PEK,3364,,0,777
AA,24,ORD,3830,PHL,3752,,0,320 321 319 E90
AA,24,ORD,3830,PHX,3462,,0,321 738 M83 320 M80
AA,24,ORD,3830,PIA,4046,Y,0,ER4 ERD
AA,24,ORD,3830,PIT,3570,Y,0,E75 CR7 ER4
AA,24,ORD,3830,PSP,3839,,0,M83
AA,24,ORD,3830,PVG,3406,,0,777
AA,24,ORD,3830,PVR,1836,,0,M83
AA,24,ORD,3830,RDU,3626,,0,738 M80 M83
AA,24,ORD,3830,RIC,3608,Y,0,ERD
AA,24,ORD,3830,RNO,3807,,0,738
AA,24,ORD,3830,ROC,3622,Y,0,ERD ER4
AA,24,ORD,3830,RST,4048,Y,0,ERD ER4
AA,24,ORD,3830,RSW,3793,,0,M80 738
AA,24,ORD,3830,SAN,3731,,0,738
AA,24,ORD,3830,SAT,3621,Y,0,CR7 E75
AA,24,ORD,3830,SDF,4014,Y,0,ERD ER4 E75
AA,24,ORD,3830,SEA,3577,,0,738
AA,24,ORD,3830,SFO,3469,,0,738
AA,24,ORD,3830,SGF,4348,Y,0,ERD ER4
AA,24,ORD,3830,SJC,3748,,0,738
AA,24,ORD,3830,SJD,1840,,0,M83 738
AA,24,ORD,3830,SJU,2890,,0,738
AA,24,ORD,3830,SLC,3536,Y,0,E75 CR7
AA,24,ORD,3830,SNA,3867,,0,738
AA,24,ORD,3830,STL,3678,,0,M80 M83 738
AA,24,ORD,3830,SUX,3753,Y,0,ER4 ERD
AA,24,ORD,3830,SYR,3745,Y,0,CR7 ER4
AA,24,ORD,3830,TOL,4040,Y,0,ERD ER4
AA,24,ORD,3830,TPA,3646,,0,M83 738 M80
AA,24,ORD,3830,TUL,3855,,0,738
AA,24,ORD,3830,TUS,3636,,0,M83 M80
AA,24,ORD,3830,TVC,4023,Y,0,ERD ER4
AA,24,ORD,3830,TXL,351,Y,0,330
AA,24,ORD,3830,TYS,3676,Y,0,ERD ER4
AA,24,ORD,3830,XNA,4356,Y,0,ER4 CR7 ERD
AA,24,ORD,3830,YKF,79,Y,0,ER4 ERD
AA,24,ORD,3830,YUL,146,Y,0,CRJ
AA,24,ORD,3830,YVR,156,,0,737
AA,24,ORD,3830,YYC,178,,0,737
AA,24,ORD,3830,YYZ,193,Y,0,CR7 E75 ER4
AA,24,ORF,3611,CLT,3876,,0,319
AA,24,ORF,3611,DCA,3520,,0,DH3
AA,24,ORF,3611,DFW,3670,,0,M80 M83
AA,24,ORF,3611,JFK,3797,Y,0,ER4
AA,24,ORF,3611,LGA,3697,Y,0,ERD
AA,24,ORF,3611,MIA,3576,Y,0,ER4
AA,24,ORF,3611,PHL,3752,,0,DH3
AA,24,ORY,1386,EWR,3494,Y,0,757
AA,24,ORY,1386,JFK,3797,Y,0,757
AA,24,OSL,644,LHR,507,Y,0,319 320
AA,24,OTP,1657,LHR,507,Y,0,320
AA,24,PAP,1897,FLL,3533,,0,738
AA,24,PAP,1897,JFK,3797,,0,763
AA,24,PAP,1897,MIA,3576,,0,738 763 757
AA,24,PBC,1831,DFW,3670,Y,0,ERD
AA,24,PBI,3722,CLT,3876,,0,737 320 319
AA,24,PBI,3722,DCA,3520,Y,0,E75 E70
AA,24,PBI,3722,DFW,3670,,0,738
AA,24,PBI,3722,LAX,3484,,0,738
AA,24,PBI,3722,LGA,3697,,0,738
AA,24,PBI,3722,ORD,3830,,0,M83 738 M80
AA,24,PBI,3722,PHL,3752,,0,E90 319
AA,24,PDX,3720,BOS,3448,Y,0,737
AA,24,PDX,3720,BUR,3644,Y,0,CR7
AA,24,PDX,3720,CLT,3876,,0,320
AA,24,PDX,3720,DCA,3520,Y,0,737
AA,24,PDX,3720,DFW,3670,,0,M83
AA,24,PDX,3720,LAX,3484,Y,0,737
AA,24,PDX,3720,LGB,3582,Y,0,CR7
AA,24,PDX,3720,OAK,3453,Y,0,DH4
AA,24,PDX,3720,ONT,3734,Y,0,CR7
AA,24,PDX,3720,ORD,3830,,0,738
AA,24,PDX,3720,PHL,3752,,0,320
AA,24,PDX,3720,PHX,3462,,0,321 320 319
AA,24,PDX,3720,SAN,3731,Y,0,737
AA,24,PDX,3720,SFO,3469,Y,0,DH4 737
AA,24,PDX,3720,SJC,3748,Y,0,737 DH4
AA,24,PDX,3720,SNA,3867,Y,0,737
AA,24,PDX,3720,YVR,156,,0,DH4
AA,24,PEK,3364,ORD,3830,,0,777
AA,24,PEK,3364,SEA,3577,Y,0,787
AA,24,PEN,3308,KUL,3304,,0,737
AA,24,PER,3351,BNE,3320,Y,0,330 737
AA,24,PER,3351,MEL,3339,Y,0,330 737
AA,24,PER,3351,SYD,3361,Y,0,330 737
AA,24,PGV,6959,CLT,3876,,0,DH8
AA,24,PHF,3633,CLT,3876,Y,0,CR7 CRJ
AA,24,PHF,3633,PHL,3752,,0,DH3
AA,24,PHL,3752,ABE,4355,,0,DH3
AA,24,PHL,3752,ALB,3864,,0,DH3
AA,24,PHL,3752,AMS,580,,0,757
AA,24,PHL,3752,ART,3838,Y,0,CRJ
AA,24,PHL,3752,ATH,3941,,0,332
AA,24,PHL,3752,ATL,3682,Y,0,E90 319 CRJ
AA,24,PHL,3752,AUA,2895,,0,320
AA,24,PHL,3752,AUS,3673,,0,3.19E+92
AA,24,PHL,3752,AVP,4286,,0,DH3
AA,24,PHL,3752,BCN,1218,,0,332
AA,24,PHL,3752,BDA,4069,,0,319
AA,24,PHL,3752,BDL,3825,,0,DH3 E90
AA,24,PHL,3752,BGM,4129,,0,DH3
AA,24,PHL,3752,BGR,3463,Y,0,E75 CRJ
AA,24,PHL,3752,BHM,3811,Y,0,CRJ
AA,24,PHL,3752,BNA,3690,Y,0,CRJ E75 E70
AA,24,PHL,3752,BOS,3448,,0,E90 319 321 320
AA,24,PHL,3752,BRU,302,,0,767
AA,24,PHL,3752,BTV,3711,,0,E90
AA,24,PHL,3752,BUF,3820,,0,DH3
AA,24,PHL,3752,BWI,3849,,0,DH3 319 E90
AA,24,PHL,3752,CAE,3561,Y,0,CRJ
AA,24,PHL,3752,CAK,4112,Y,0,CRJ
AA,24,PHL,3752,CDG,1382,,0,332
AA,24,PHL,3752,CHO,4015,,0,DH3
AA,24,PHL,3752,CHS,3806,Y,0,E75 CRJ
AA,24,PHL,3752,CLE,3486,Y,0,CRJ E70 CR9 E75
AA,24,PHL,3752,CLT,3876,,0,757 321 E90 737 767 332 319 320
AA,24,PHL,3752,CMH,3759,Y,0,CRJ E75 E70
AA,24,PHL,3752,CUN,1852,,0,757 332 321 319
AA,24,PHL,3752,CVG,3488,,0,CRJ
AA,24,PHL,3752,DAY,3627,,0,CRJ
AA,24,PHL,3752,DCA,3520,,0,CRJ DH3 319 E90
AA,24,PHL,3752,DEN,3751,,0,321 320
AA,24,PHL,3752,DFW,3670,,0,M83 319 320 738 M80 E90 757
AA,24,PHL,3752,DOH,11051,,0,777
AA,24,PHL,3752,DTW,3645,,0,E90 320 319
AA,24,PHL,3752,DUB,599,,0,332
AA,24,PHL,3752,ELM,3946,,0,DH3
AA,24,PHL,3752,ERI,4276,,0,DH3
AA,24,PHL,3752,EWR,3494,,0,DH3
AA,24,PHL,3752,FCO,1555,,0,333
AA,24,PHL,3752,FLL,3533,,0,320 319
AA,24,PHL,3752,FRA,340,,0,332 767
AA,24,PHL,3752,GCM,1926,,0,319
AA,24,PHL,3752,GLA,534,,0,757
AA,24,PHL,3752,GSO,4008,Y,0,CRJ E75
AA,24,PHL,3752,GSP,4034,Y,0,CRJ
AA,24,PHL,3752,HPN,3589,,0,DH3
AA,24,PHL,3752,HVN,4006,,0,DH3
AA,24,PHL,3752,IAH,3550,,0,E90
AA,24,PHL,3752,ILM,3845,Y,0,CRJ E75
AA,24,PHL,3752,IND,3585,,0,E90 319
AA,24,PHL,3752,IPT,3584,,0,DH3
AA,24,PHL,3752,ISP,3857,,0,DH3
AA,24,PHL,3752,ITH,3947,,0,DH3
AA,24,PHL,3752,JAX,3712,,0,E90
AA,24,PHL,3752,LAS,3877,,0,321 320
AA,24,PHL,3752,LAX,3484,,0,321 320
AA,24,PHL,3752,LGA,3697,,0,DH3 E90 319
AA,24,PHL,3752,LHR,507,,0,333
AA,24,PHL,3752,LIS,1638,,0,757
AA,24,PHL,3752,MAD,1229,,0,333
AA,24,PHL,3752,MAN,478,,0,332
AA,24,PHL,3752,MBJ,1780,,0,320 319 321
AA,24,PHL,3752,MCI,3458,Y,0,E70 E75 CRJ
AA,24,PHL,3752,MCO,3878,,0,767 321 757 320 332
AA,24,PHL,3752,MDT,3542,,0,DH3
AA,24,PHL,3752,MHT,4011,Y,0,CRJ E75 E70
AA,24,PHL,3752,MIA,3576,,0,738 321 757 320
AA,24,PHL,3752,MKE,3717,Y,0,CRJ
AA,24,PHL,3752,MSP,3858,,0,E90 319
AA,24,PHL,3752,MSY,3861,Y,0,319 E90 E75
AA,24,PHL,3752,MUC,346,,0,333
AA,24,PHL,3752,MYR,3515,,0,CRJ
AA,24,PHL,3752,NAS,1953,,0,319 320
AA,24,PHL,3752,ORD,3830,,0,320 319 321 E90
AA,24,PHL,3752,ORF,3611,,0,DH3
AA,24,PHL,3752,PBI,3722,,0,3.19E+92
AA,24,PHL,3752,PDX,3720,,0,320
AA,24,PHL,3752,PHF,3633,,0,DH3
AA,24,PHL,3752,PHX,3462,,0,321 757
AA,24,PHL,3752,PIT,3570,,0,319 E90 320
AA,24,PHL,3752,PLS,1754,,0,319
AA,24,PHL,3752,PUJ,1760,,0,319 332 320
AA,24,PHL,3752,PVD,3641,,0,E90 DH3
AA,24,PHL,3752,PWM,3862,,0,E90
AA,24,PHL,3752,RDU,3626,,0,3.19E+92
AA,24,PHL,3752,RIC,3608,,0,DH3
AA,24,PHL,3752,ROA,4016,,0,DH3
AA,24,PHL,3752,ROC,3622,,0,DH3
AA,24,PHL,3752,RSW,3793,,0,319 E90 320
AA,24,PHL,3752,SAN,3731,,0,320
AA,24,PHL,3752,SAT,3621,,0,E90
AA,24,PHL,3752,SAV,3613,Y,0,E75 E70 CRJ
AA,24,PHL,3752,SBY,3642,,0,DH3
AA,24,PHL,3752,SCE,4318,,0,DH3
AA,24,PHL,3752,SDF,4014,Y,0,CRJ CR9
AA,24,PHL,3752,SDQ,1762,,0,320
AA,24,PHL,3752,SEA,3577,,0,320 321
AA,24,PHL,3752,SFO,3469,,0,320 321
AA,24,PHL,3752,SJU,2890,,0,767 757 320
AA,24,PHL,3752,SLC,3536,,0,320
AA,24,PHL,3752,STL,3678,,0,CRJ
AA,24,PHL,3752,STT,2883,,0,757
AA,24,PHL,3752,SWF,3661,,0,DH3
AA,24,PHL,3752,SXM,2899,,0,332
AA,24,PHL,3752,SYR,3745,,0,DH3
AA,24,PHL,3752,TLV,1590,,0,332
AA,24,PHL,3752,TPA,3646,,0,321 320 319 737
AA,24,PHL,3752,TYS,3676,Y,0,CRJ
AA,24,PHL,3752,VCE,1551,,0,332
AA,24,PHL,3752,YHZ,73,Y,0,E70 CRJ E75
AA,24,PHL,3752,YOW,100,Y,0,CRJ
AA,24,PHL,3752,YQB,111,Y,0,CRJ
AA,24,PHL,3752,YUL,146,Y,0,CRJ
AA,24,PHL,3752,YYZ,193,Y,0,CRJ E75
AA,24,PHL,3752,ZRH,1678,,0,767
AA,24,PHX,3462,ABQ,4019,Y,0,CR9 CRJ
AA,24,PHX,3462,ANC,3774,,0,320
AA,24,PHX,3462,ATL,3682,Y,0,321 320
AA,24,PHX,3462,AUS,3673,,0,319 CR9
AA,24,PHX,3462,BFL,3558,Y,0,CR9 CRJ
AA,24,PHX,3462,BOI,3495,,0,319
AA,24,PHX,3462,BOS,3448,,0,320 319
AA,24,PHX,3462,BUR,3644,Y,0,CR9 CRJ
AA,24,PHX,3462,BWI,3849,,0,321 319 320
AA,24,PHX,3462,CLT,3876,,0,321 320
AA,24,PHX,3462,CMH,3759,,0,320 319
AA,24,PHX,3462,CUN,1852,,0,757 320 321
AA,24,PHX,3462,DCA,3520,,0,757 320 319
AA,24,PHX,3462,DEN,3751,,0,320 321
AA,24,PHX,3462,DFW,3670,,0,M80 M83 319 738 321 320
AA,24,PHX,3462,DRO,3713,Y,0,CRJ CR9
AA,24,PHX,3462,DSM,3729,,0,319
AA,24,PHX,3462,DTW,3645,,0,321 319
AA,24,PHX,3462,ELP,3559,Y,0,CR9 CRJ
AA,24,PHX,3462,EWR,3494,,0,320
AA,24,PHX,3462,FAT,3687,Y,0,CR9 CRJ
AA,24,PHX,3462,FLG,4261,Y,0,CRJ
AA,24,PHX,3462,FLL,3533,,0,320 319
AA,24,PHX,3462,GDL,1804,Y,0,CR9 CRJ
AA,24,PHX,3462,GEG,3467,,0,319
AA,24,PHX,3462,GJT,4063,Y,0,CRJ
AA,24,PHX,3462,HNL,3728,,0,757
AA,24,PHX,3462,IAH,3550,,0,319 321 320
AA,24,PHX,3462,IND,3585,,0,320 319
AA,24,PHX,3462,JFK,3797,,0,321
AA,24,PHX,3462,KOA,3514,,0,757
AA,24,PHX,3462,LAS,3877,,0,321 320 319
AA,24,PHX,3462,LAX,3484,,0,321 319 320
AA,24,PHX,3462,LGB,3582,,0,319
AA,24,PHX,3462,LHR,507,Y,0,744
AA,24,PHX,3462,LIH,3602,,0,757
AA,24,PHX,3462,MCI,3458,,0,319
AA,24,PHX,3462,MCO,3878,,0,320 321
AA,24,PHX,3462,MEX,1824,,0,319
AA,24,PHX,3462,MIA,3576,,0,738
AA,24,PHX,3462,MKE,3717,,0,319
AA,24,PHX,3462,MRY,3948,Y,0,CRJ
AA,24,PHX,3462,MSP,3858,,0,320 321 319
AA,24,PHX,3462,MZT,1826,,0,320 319
AA,24,PHX,3462,OAK,3453,,0,319
AA,24,PHX,3462,OGG,3456,,0,757
AA,24,PHX,3462,OMA,3454,,0,319
AA,24,PHX,3462,ONT,3734,,0,319 320
AA,24,PHX,3462,ORD,3830,,0,M83 320 321 738
AA,24,PHX,3462,PDX,3720,,0,319 320 321
AA,24,PHX,3462,PHL,3752,,0,757 321
AA,24,PHX,3462,PIT,3570,,0,319 320
AA,24,PHX,3462,PSP,3839,Y,0,CR9 CRJ
AA,24,PHX,3462,PVR,1836,,0,320 319 321
AA,24,PHX,3462,RNO,3807,,0,319 320
AA,24,PHX,3462,SAN,3731,,0,320 321
AA,24,PHX,3462,SAT,3621,Y,0,CR9
AA,24,PHX,3462,SBA,3949,Y,0,CRJ CR9
AA,24,PHX,3462,SBP,5768,Y,0,CR9 CRJ
AA,24,PHX,3462,SEA,3577,,0,320 321
AA,24,PHX,3462,SFO,3469,,0,320 321
AA,24,PHX,3462,SJC,3748,,0,319 320
AA,24,PHX,3462,SJD,1840,,0,320 319 757 321
AA,24,PHX,3462,SLC,3536,,0,319 321 320
AA,24,PHX,3462,SMF,3817,,0,319 320 321
AA,24,PHX,3462,SNA,3867,,0,319 320 321
AA,24,PHX,3462,STL,3678,,0,319
AA,24,PHX,3462,TPA,3646,,0,320
AA,24,PHX,3462,TUS,3636,Y,0,CR9 CRJ
AA,24,PHX,3462,YEG,49,,0,319 320 737
AA,24,PHX,3462,YUM,3596,Y,0,CRJ
AA,24,PHX,3462,YVR,156,,0,319 321
AA,24,PHX,3462,YYC,178,,0,319 737
AA,24,PHX,3462,ZIH,1856,,0,320
AA,24,PIA,4046,DFW,3670,Y,0,ER4
AA,24,PIA,4046,ORD,3830,Y,0,ER4 ERD
AA,24,PIT,3570,BDL,3825,Y,0,ER4
AA,24,PIT,3570,BOS,3448,Y,0,E70 CRJ
AA,24,PIT,3570,CLT,3876,,0,319 737 321 320
AA,24,PIT,3570,DCA,3520,Y,0,E75 E70 CRJ
AA,24,PIT,3570,DFW,3670,,0,M80
AA,24,PIT,3570,JFK,3797,Y,0,ER4
AA,24,PIT,3570,LAX,3484,,0,738
AA,24,PIT,3570,LGA,3697,Y,0,E75 CRJ
AA,24,PIT,3570,MIA,3576,Y,0,ER4
AA,24,PIT,3570,ORD,3830,Y,0,E75 CR7 ER4
AA,24,PIT,3570,PHL,3752,,0,320 319 E90
AA,24,PIT,3570,PHX,3462,,0,319 320
AA,24,PIT,3570,RDU,3626,Y,0,ER4
AA,24,PIT,3570,STL,3678,Y,0,ER4
AA,24,PLS,1754,CLT,3876,,0,321
AA,24,PLS,1754,DFW,3670,,0,738
AA,24,PLS,1754,MIA,3576,,0,757
AA,24,PLS,1754,PHL,3752,,0,319
AA,24,PMC,2665,PUQ,2647,Y,0,320
AA,24,PNS,3564,CLT,3876,,0,CR9
AA,24,PNS,3564,DCA,3520,Y,0,CRJ
AA,24,PNS,3564,DFW,3670,,0,M83 M80
AA,24,PNS,3564,MIA,3576,Y,0,ER4
AA,24,POA,2599,MIA,3576,,0,763
AA,24,POP,1761,MIA,3576,,0,757
AA,24,POS,2902,MIA,3576,,0,757
AA,24,PPT,4075,AKL,2006,Y,0,340
AA,24,PPT,4075,LAX,3484,Y,0,340
AA,24,PRG,1587,LHR,507,Y,0,320
AA,24,PSA,1562,LHR,507,Y,0,320 321
AA,24,PSP,3839,DFW,3670,,0,M83 M80
AA,24,PSP,3839,ORD,3830,,0,M83
AA,24,PSP,3839,PHX,3462,Y,0,CRJ CR9
AA,24,PSP,3839,SFO,3469,Y,0,737
AA,24,PTP,2881,MIA,3576,,0,738
AA,24,PTP,2881,SJU,2890,,0,SF3
AA,24,PTY,1871,DFW,3670,,0,738
AA,24,PTY,1871,MIA,3576,,0,738
AA,24,PUJ,1760,CLT,3876,,0,319 757 321 320
AA,24,PUJ,1760,MIA,3576,,0,738 757
AA,24,PUJ,1760,PHL,3752,,0,319 332 320
AA,24,PUS,2372,NRT,2279,,0,737
AA,24,PVD,3641,CLT,3876,,0,320 321 319
AA,24,PVD,3641,DCA,3520,Y,0,E75 CRJ E70
AA,24,PVD,3641,PHL,3752,,0,E90 DH3
AA,24,PVG,3406,LAX,3484,,0,777
AA,24,PVG,3406,ORD,3830,,0,777
AA,24,PVR,1836,DFW,3670,,0,M80 M83
AA,24,PVR,1836,ORD,3830,,0,M83
AA,24,PVR,1836,PHX,3462,,0,320 319 321
AA,24,PVR,1836,SAN,3731,Y,0,737
AA,24,PVR,1836,SFO,3469,Y,0,737
AA,24,QRO,1838,DFW,3670,Y,0,ERD
AA,24,RAP,4087,DFW,3670,Y,0,CRJ ER4
AA,24,RDM,4103,LAX,3484,Y,0,CRJ
AA,24,RDU,3626,CLT,3876,,0,321 320 737 319 E90
AA,24,RDU,3626,DCA,3520,Y,0,CRJ ERD
AA,24,RDU,3626,DFW,3670,,0,M83 M80 738
AA,24,RDU,3626,JFK,3797,Y,0,ERD CR7
AA,24,RDU,3626,LAX,3484,,0,738
AA,24,RDU,3626,LGA,3697,Y,0,CR7 ERD
AA,24,RDU,3626,LHR,507,,0,763
AA,24,RDU,3626,MIA,3576,,0,738
AA,24,RDU,3626,ORD,3830,,0,M80 738
AA,24,RDU,3626,PHL,3752,,0,E90 319
AA,24,RDU,3626,PIT,3570,Y,0,ER4
AA,24,REC,2610,MIA,3576,,0,757
AA,24,RIC,3608,BOS,3448,Y,0,CRJ
AA,24,RIC,3608,CLT,3876,,0,319
AA,24,RIC,3608,DFW,3670,,0,M80 M83
AA,24,RIC,3608,LGA,3697,Y,0,ERD
AA,24,RIC,3608,MIA,3576,Y,0,ER4
AA,24,RIC,3608,ORD,3830,Y,0,ERD
AA,24,RIC,3608,PHL,3752,,0,DH3
AA,24,RNO,3807,DFW,3670,,0,M83 738
AA,24,RNO,3807,LAX,3484,Y,0,CRJ
AA,24,RNO,3807,ORD,3830,,0,738
AA,24,RNO,3807,PHX,3462,,0,319 320
AA,24,ROA,4016,CLT,3876,,0,DH8 DH3
AA,24,ROA,4016,LGA,3697,Y,0,ERD
AA,24,ROA,4016,PHL,3752,,0,DH3
AA,24,ROC,3622,BOS,3448,Y,0,CRJ
AA,24,ROC,3622,CLT,3876,,0,319
AA,24,ROC,3622,DCA,3520,Y,0,CRJ E70
AA,24,ROC,3622,ORD,3830,Y,0,ERD ER4
AA,24,ROC,3622,PHL,3752,,0,DH3
AA,24,ROW,3736,DFW,3670,Y,0,ERD
AA,24,RST,4048,ORD,3830,Y,0,ERD ER4
AA,24,RSW,3793,CLT,3876,,0,321 320 319 737
AA,24,RSW,3793,DCA,3520,Y,0,E75 E70
AA,24,RSW,3793,DFW,3670,,0,738
AA,24,RSW,3793,DUS,345,Y,0,330
AA,24,RSW,3793,ORD,3830,,0,738 M80
AA,24,RSW,3793,PHL,3752,,0,319 E90 320
AA,24,RTB,1774,DFW,3670,,0,738
AA,24,RTB,1774,MIA,3576,,0,738
AA,24,RTM,591,LHR,507,Y,0,319
AA,24,SAF,3784,DFW,3670,Y,0,ER4 ERD
AA,24,SAF,3784,LAX,3484,Y,0,CRJ
AA,24,SAL,1892,DFW,3670,,0,738
AA,24,SAL,1892,MIA,3576,,0,738
AA,24,SAN,3731,BOS,3448,Y,0,737
AA,24,SAN,3731,CLT,3876,,0,320 321
AA,24,SAN,3731,DCA,3520,,0,319
AA,24,SAN,3731,DFW,3670,,0,M83 M80 738 757
AA,24,SAN,3731,JFK,3797,,0,738
AA,24,SAN,3731,LAX,3484,Y,0,CRJ CR7
AA,24,SAN,3731,LHR,507,Y,0,777
AA,24,SAN,3731,MCO,3878,Y,0,737
AA,24,SAN,3731,MIA,3576,,0,738
AA,24,SAN,3731,NRT,2279,,0,787
AA,24,SAN,3731,ORD,3830,,0,738
AA,24,SAN,3731,PDX,3720,Y,0,737
AA,24,SAN,3731,PHL,3752,,0,320
AA,24,SAN,3731,PHX,3462,,0,321 320
AA,24,SAN,3731,PVR,1836,Y,0,737
AA,24,SAN,3731,SEA,3577,Y,0,737
AA,24,SAN,3731,STS,6992,Y,0,DH4
AA,24,SAN,3731,YYC,178,,0,737
AA,24,SAP,1772,MIA,3576,,0,738
AA,24,SAT,3621,CLT,3876,,0,319
AA,24,SAT,3621,DFW,3670,,0,M80 M83
AA,24,SAT,3621,ORD,3830,Y,0,E75 CR7
AA,24,SAT,3621,PHL,3752,,0,E90
AA,24,SAT,3621,PHX,3462,Y,0,CR9
AA,24,SAV,3613,CLT,3876,,0,CRJ
AA,24,SAV,3613,DCA,3520,Y,0,CRJ
AA,24,SAV,3613,DFW,3670,Y,0,ER4
AA,24,SAV,3613,PHL,3752,Y,0,E75 E70 CRJ
AA,24,SBA,3949,PHX,3462,Y,0,CR9 CRJ
AA,24,SBP,5768,PHX,3462,Y,0,CR9 CRJ
AA,24,SBY,3642,CLT,3876,,0,DH8
AA,24,SBY,3642,PHL,3752,,0,DH3
AA,24,SCE,4318,PHL,3752,,0,DH3
AA,24,SCL,2650,DFW,3670,,0,763
AA,24,SCL,2650,JFK,3797,Y,0,787
AA,24,SCL,2650,LIM,2789,Y,0,763
AA,24,SCL,2650,MIA,3576,,0,763
AA,24,SCL,2650,PMC,2665,Y,0,320
AA,24,SCY,6045,GYE,2673,Y,0,319
AA,24,SDF,4014,CLT,3876,,0,319
AA,24,SDF,4014,DCA,3520,Y,0,CRJ E75
AA,24,SDF,4014,DFW,3670,,0,M80 M83 319
AA,24,SDF,4014,LGA,3697,Y,0,ERD
AA,24,SDF,4014,MIA,3576,Y,0,ER4
AA,24,SDF,4014,ORD,3830,Y,0,ERD ER4 E75
AA,24,SDF,4014,PHL,3752,Y,0,CR9 CRJ
AA,24,SDQ,1762,MIA,3576,,0,757 763
AA,24,SDQ,1762,PHL,3752,,0,320
AA,24,SEA,3577,BOS,3448,Y,0,737
AA,24,SEA,3577,BUR,3644,Y,0,737
AA,24,SEA,3577,CLT,3876,,0,320 321 319
AA,24,SEA,3577,DEN,3751,Y,0,737
AA,24,SEA,3577,DFW,3670,,0,738 757
AA,24,SEA,3577,EWR,3494,Y,0,737
AA,24,SEA,3577,JFK,3797,,0,738
AA,24,SEA,3577,KTN,3808,Y,0,737
AA,24,SEA,3577,LAX,3484,Y,0,737
AA,24,SEA,3577,LGB,3582,Y,0,CR7
AA,24,SEA,3577,LHR,507,,0,777
AA,24,SEA,3577,MCI,3458,Y,0,737
AA,24,SEA,3577,MCO,3878,Y,0,737
AA,24,SEA,3577,MIA,3576,,0,757
AA,24,SEA,3577,OAK,3453,Y,0,737
AA,24,SEA,3577,ONT,3734,Y,0,737
AA,24,SEA,3577,ORD,3830,,0,738
AA,24,SEA,3577,PEK,3364,Y,0,787
AA,24,SEA,3577,PHL,3752,,0,320 321
AA,24,SEA,3577,PHX,3462,,0,321 320
AA,24,SEA,3577,SAN,3731,Y,0,737
AA,24,SEA,3577,SFO,3469,Y,0,737
AA,24,SEA,3577,SJC,3748,Y,0,737
AA,24,SEA,3577,SMF,3817,Y,0,737
AA,24,SEA,3577,SNA,3867,Y,0,737
AA,24,SEA,3577,STL,3678,Y,0,737
AA,24,SEA,3577,YVR,156,Y,0,DH4
AA,24,SFO,3469,CLT,3876,,0,321
AA,24,SFO,3469,DFW,3670,,0,738 757 763
AA,24,SFO,3469,HKG,3077,Y,0,773 744
AA,24,SFO,3469,HND,2359,,0,787
AA,24,SFO,3469,JFK,3797,,0,763 32B
AA,24,SFO,3469,LAX,3484,,0,738
AA,24,SFO,3469,LHR,507,Y,0,744
AA,24,SFO,3469,MIA,3576,,0,757 763 738
AA,24,SFO,3469,ORD,3830,,0,738
AA,24,SFO,3469,PDX,3720,Y,0,737 DH4
AA,24,SFO,3469,PHL,3752,,0,320 321
AA,24,SFO,3469,PHX,3462,,0,321 320
AA,24,SFO,3469,PSP,3839,Y,0,737
AA,24,SFO,3469,PVR,1836,Y,0,737
AA,24,SFO,3469,SEA,3577,Y,0,737
AA,24,SGF,4348,DFW,3670,Y,0,ER4 ERD
AA,24,SGF,4348,ORD,3830,Y,0,ER4 ERD
AA,24,SGN,3205,NRT,2279,,0,763
AA,24,SHV,3609,DFW,3670,Y,0,CRJ ERD ER4
AA,24,SIN,3316,KUL,3304,,0,737
AA,24,SIN,3316,NRT,2279,,0,763
AA,24,SJC,3748,DFW,3670,,0,M83
AA,24,SJC,3748,GDL,1804,Y,0,737
AA,24,SJC,3748,HNL,3728,Y,0,737
AA,24,SJC,3748,KOA,3514,Y,0,737
AA,24,SJC,3748,LAX,3484,Y,0,CRJ CR7
AA,24,SJC,3748,LIH,3602,Y,0,737
AA,24,SJC,3748,OGG,3456,Y,0,737
AA,24,SJC,3748,ORD,3830,,0,738
AA,24,SJC,3748,PDX,3720,Y,0,737 DH4
AA,24,SJC,3748,PHX,3462,,0,320 319
AA,24,SJC,3748,SEA,3577,Y,0,737
AA,24,SJD,1840,CLT,3876,,0,320
AA,24,SJD,1840,DFW,3670,,0,M80 M83
AA,24,SJD,1840,LAX,3484,,0,M83 738
AA,24,SJD,1840,ORD,3830,,0,M83 738
AA,24,SJD,1840,PHX,3462,,0,320 319 757 321
AA,24,SJO,1885,CLT,3876,,0,319
AA,24,SJO,1885,DFW,3670,,0,757
AA,24,SJO,1885,JFK,3797,,0,738
AA,24,SJO,1885,MIA,3576,,0,757 738
AA,24,SJT,3708,DFW,3670,Y,0,ER4 CRJ ERD
AA,24,SJU,2890,CCS,2851,,0,738
AA,24,SJU,2890,CLT,3876,,0,321
AA,24,SJU,2890,DFW,3670,,0,757
AA,24,SJU,2890,DOM,2877,,0,SF3
AA,24,SJU,2890,EIS,2903,,0,SF3
AA,24,SJU,2890,FDF,2878,,0,SF3
AA,24,SJU,2890,JFK,3797,,0,757
AA,24,SJU,2890,MIA,3576,,0,738 757
AA,24,SJU,2890,ORD,3830,,0,738
AA,24,SJU,2890,PHL,3752,,0,757 767 320
AA,24,SJU,2890,PTP,2881,,0,SF3
AA,24,SJU,2890,VIJ,6080,,0,DHT
AA,24,SJU,2890,VQS,6788,,0,DHT
AA,24,SKB,2891,MIA,3576,,0,738
AA,24,SLC,3536,CLT,3876,,0,320
AA,24,SLC,3536,DFW,3670,,0,M80 M83
AA,24,SLC,3536,LAX,3484,Y,0,CRJ CR7
AA,24,SLC,3536,ORD,3830,Y,0,E75 CR7
AA,24,SLC,3536,PHL,3752,,0,320
AA,24,SLC,3536,PHX,3462,,0,320 319 321
AA,24,SLP,1842,DFW,3670,Y,0,ERD
AA,24,SMF,3817,CLT,3876,,0,321
AA,24,SMF,3817,DFW,3670,,0,M83
AA,24,SMF,3817,LAX,3484,Y,0,CRJ
AA,24,SMF,3817,OGG,3456,Y,0,737
AA,24,SMF,3817,PHX,3462,,0,320 319 321
AA,24,SMF,3817,SEA,3577,Y,0,737
AA,24,SNA,3867,DFW,3670,,0,738
AA,24,SNA,3867,ORD,3830,,0,738
AA,24,SNA,3867,PDX,3720,Y,0,737
AA,24,SNA,3867,PHX,3462,,0,320 319 321
AA,24,SNA,3867,SEA,3577,Y,0,737
AA,24,SOF,1194,LHR,507,Y,0,320
AA,24,SPS,3680,DFW,3670,Y,0,ERD ER4 CRJ
AA,24,SRQ,4067,CLT,3876,Y,0,CR9 E75
AA,24,SRQ,4067,DCA,3520,Y,0,CRJ
AA,24,SSA,2621,MIA,3576,,0,757
AA,24,STI,1764,MIA,3576,,0,757 738
AA,24,STL,3678,CLT,3876,,0,319
AA,24,STL,3678,DCA,3520,Y,0,CR7
AA,24,STL,3678,DFW,3670,,0,M83 M80 738
AA,24,STL,3678,LAX,3484,,0,M83
AA,24,STL,3678,LGA,3697,Y,0,CR7
AA,24,STL,3678,MIA,3576,,0,738
AA,24,STL,3678,ORD,3830,,0,M80 M83 738
AA,24,STL,3678,PHL,3752,Y,0,E75 CRJ E70
AA,24,STL,3678,PHX,3462,,0,319
AA,24,STL,3678,PIT,3570,Y,0,ER4
AA,24,STL,3678,SEA,3577,Y,0,737
AA,24,STR,350,LHR,507,Y,0,319 320
AA,24,STS,6992,LAX,3484,Y,0,DH4
AA,24,STS,6992,SAN,3731,Y,0,DH4
AA,24,STT,2883,CLT,3876,,0,757 767
AA,24,STT,2883,JFK,3797,,0,757
AA,24,STT,2883,MIA,3576,,0,757
AA,24,STT,2883,PHL,3752,,0,757
AA,24,STX,2884,MIA,3576,,0,738
AA,24,SUX,3753,ORD,3830,Y,0,ERD ER4
AA,24,SVG,666,LHR,507,Y,0,319
AA,24,SWF,3661,PHL,3752,,0,DH3
AA,24,SXM,2899,CLT,3876,,0,757 319
AA,24,SXM,2899,JFK,3797,,0,757
AA,24,SXM,2899,MIA,3576,,0,757 738
AA,24,SXM,2899,PHL,3752,,0,332
AA,24,SYD,3361,ADL,3341,Y,0,737
AA,24,SYD,3361,AKL,2006,Y,0,737
AA,24,SYD,3361,ASP,3319,Y,0,737
AA,24,SYD,3361,BNE,3320,Y,0,737 763
AA,24,SYD,3361,CBR,3355,Y,0,737
AA,24,SYD,3361,CHC,2009,Y,0,737
AA,24,SYD,3361,CNS,3322,Y,0,763 737
AA,24,SYD,3361,DFW,3670,Y,0,744
AA,24,SYD,3361,DRW,3999,Y,0,737
AA,24,SYD,3361,HNL,3728,Y,0,763
AA,24,SYD,3361,LAX,3484,Y,0,744 380
AA,24,SYD,3361,MEL,3339,,0,737
AA,24,SYD,3361,PER,3351,Y,0,330 763
AA,24,SYR,3745,BOS,3448,,0,DH3
AA,24,SYR,3745,CLT,3876,,0,320 319
AA,24,SYR,3745,DCA,3520,Y,0,E70 CRJ
AA,24,SYR,3745,ORD,3830,Y,0,CR7 ER4
AA,24,SYR,3745,PHL,3752,,0,DH3
AA,24,TGU,1776,MIA,3576,,0,757
AA,24,TLH,3698,CLT,3876,Y,0,CR7 CRJ
AA,24,TLH,3698,DCA,3520,Y,0,CRJ
AA,24,TLH,3698,DFW,3670,Y,0,ERD ER4
AA,24,TLH,3698,MIA,3576,Y,0,ERD ER4
AA,24,TLS,1273,LHR,507,Y,0,320 319
AA,24,TLV,1590,PHL,3752,,0,332
AA,24,TOL,4040,ORD,3830,Y,0,ER4 ERD
AA,24,TPA,3646,CLT,3876,,0,320 737 321 319
AA,24,TPA,3646,DCA,3520,,0,319
AA,24,TPA,3646,DFW,3670,,0,738 M83 M80
AA,24,TPA,3646,JFK,3797,Y,0,CR7
AA,24,TPA,3646,LGW,502,Y,0,777
AA,24,TPA,3646,MIA,3576,,0,738
AA,24,TPA,3646,ORD,3830,,0,738 M83 M80
AA,24,TPA,3646,PHL,3752,,0,737 321 319 320
AA,24,TPA,3646,PHX,3462,,0,320
AA,24,TPE,2276,NRT,2279,,0,737
AA,24,TRC,1845,DFW,3670,Y,0,ER4
AA,24,TRI,4116,CLT,3876,,0,DH3 DH8
AA,24,TSV,3330,BNE,3320,Y,0,737
AA,24,TUL,3855,DFW,3670,,0,M80 738 M83 757
AA,24,TUL,3855,MIA,3576,,0,738
AA,24,TUL,3855,ORD,3830,,0,738
AA,24,TUS,3636,DFW,3670,,0,M80 M83
AA,24,TUS,3636,LAX,3484,Y,0,CRJ
AA,24,TUS,3636,ORD,3830,,0,M83 M80
AA,24,TUS,3636,PHX,3462,Y,0,CR9 CRJ
AA,24,TVC,4023,ORD,3830,Y,0,ERD ER4
AA,24,TXK,3770,DFW,3670,Y,0,ERD ER4
AA,24,TXL,351,JFK,3797,Y,0,330
AA,24,TXL,351,LHR,507,Y,0,320 319 321
AA,24,TXL,351,MIA,3576,Y,0,330
AA,24,TXL,351,ORD,3830,Y,0,330
AA,24,TYR,3848,DFW,3670,Y,0,ERD ER4 CRJ
AA,24,TYS,3676,CLT,3876,Y,0,CR7 CRJ
AA,24,TYS,3676,DCA,3520,Y,0,CRJ
AA,24,TYS,3676,DFW,3670,Y,0,ER4 CRJ ERD
AA,24,TYS,3676,LGA,3697,Y,0,ERD
AA,24,TYS,3676,ORD,3830,Y,0,ERD ER4
AA,24,TYS,3676,PHL,3752,Y,0,CRJ
AA,24,UIO,2688,GYE,2673,Y,0,319
AA,24,UIO,2688,MIA,3576,,0,757
AA,24,UVF,2894,CLT,3876,,0,320 319
AA,24,UVF,2894,MIA,3576,,0,757
AA,24,VCE,1551,LHR,507,Y,0,320 319
AA,24,VCE,1551,PHL,3752,,0,332
AA,24,VIE,1613,LHR,507,Y,0,320
AA,24,VIJ,6080,SJU,2890,,0,DHT
AA,24,VPS,3873,CLT,3876,Y,0,CRJ CR7
AA,24,VPS,3873,DCA,3520,Y,0,CRJ
AA,24,VPS,3873,DFW,3670,Y,0,CRJ ER4 ERD
AA,24,VQS,6788,SJU,2890,,0,DHT
AA,24,VVI,2771,MIA,3576,,0,757
AA,24,WAW,679,LHR,507,Y,0,320
AA,24,XNA,4356,CLT,3876,Y,0,CR7 CRJ
AA,24,XNA,4356,DFW,3670,,0,M80
AA,24,XNA,4356,LAX,3484,Y,0,CR7
AA,24,XNA,4356,LGA,3697,Y,0,CR7
AA,24,XNA,4356,ORD,3830,Y,0,CR7 ER4 ERD
AA,24,YEG,49,DFW,3670,,0,319
AA,24,YEG,49,LAS,3877,,0,737
AA,24,YEG,49,LAX,3484,,0,737
AA,24,YEG,49,PHX,3462,,0,320 319 737
AA,24,YHZ,73,DCA,3520,Y,0,CRJ
AA,24,YHZ,73,PHL,3752,Y,0,E70 CRJ E75
AA,24,YKF,79,ORD,3830,Y,0,ER4 ERD
AA,24,YOW,100,CLT,3876,Y,0,CRJ
AA,24,YOW,100,PHL,3752,Y,0,CRJ
AA,24,YQB,111,PHL,3752,Y,0,CRJ
AA,24,YUL,146,AMM,2170,Y,0,330
AA,24,YUL,146,CLT,3876,Y,0,CRJ
AA,24,YUL,146,DCA,3520,Y,0,CRJ
AA,24,YUL,146,DFW,3670,,0,738
AA,24,YUL,146,DTW,3645,Y,0,330
AA,24,YUL,146,JFK,3797,Y,0,ERD
AA,24,YUL,146,LGA,3697,Y,0,ERD
AA,24,YUL,146,LHR,507,Y,0,777
AA,24,YUL,146,MIA,3576,,0,738
AA,24,YUL,146,ORD,3830,Y,0,CRJ
AA,24,YUL,146,PHL,3752,Y,0,CRJ
AA,24,YUM,3596,PHX,3462,Y,0,CRJ
AA,24,YVR,156,DFW,3670,,0,738
AA,24,YVR,156,LAS,3877,,0,737
AA,24,YVR,156,LAX,3484,,0,737
AA,24,YVR,156,LHR,507,Y,0,744
AA,24,YVR,156,NRT,2279,,0,787
AA,24,YVR,156,ORD,3830,,0,737
AA,24,YVR,156,PDX,3720,Y,0,DH4
AA,24,YVR,156,PHX,3462,,0,321 319
AA,24,YVR,156,SEA,3577,Y,0,DH4
AA,24,YYC,178,DFW,3670,,0,M83 M80 738
AA,24,YYC,178,JFK,3797,,0,737
AA,24,YYC,178,LAS,3877,,0,737
AA,24,YYC,178,LAX,3484,,0,737
AA,24,YYC,178,LHR,507,Y,0,767
AA,24,YYC,178,ORD,3830,,0,737
AA,24,YYC,178,PHX,3462,,0,319 737
AA,24,YYC,178,SAN,3731,,0,737
AA,24,YYZ,193,CLT,3876,Y,0,E75 CRJ
AA,24,YYZ,193,DCA,3520,Y,0,CRJ
AA,24,YYZ,193,DFW,3670,,0,319
AA,24,YYZ,193,JFK,3797,Y,0,CR7
AA,24,YYZ,193,LAS,3877,,0,737
AA,24,YYZ,193,LAX,3484,,0,738
AA,24,YYZ,193,LGA,3697,Y,0,CR7
AA,24,YYZ,193,LHR,507,Y,0,787 744
AA,24,YYZ,193,MCO,3878,,0,737
AA,24,YYZ,193,MIA,3576,,0,738
AA,24,YYZ,193,ORD,3830,Y,0,E75 CR7 ER4
AA,24,YYZ,193,PHL,3752,Y,0,E75 CRJ
